{"main":{"yearNames":[2000, 2001, 2002, 2003, 2004, 2005, 2006, 2007, 2008, 2009, 2010, 2011, 2012, 2013, 2014, 2015, 2016, 2017, 2018, 2019, 2020], "yearValues":[0, 1585, 1738, 1619, 1889, 2078, 2267, 2413, 2607, 2726, 2867, 2912, 3127, 3165, 4137, 4748, 5649, 1963, 0, 0, 0], "momentumKeys":[2000, 2001, 2002, 2003, 2004, 2005, 2006, 2007, 2008, 2009, 2010, 2011, 2012, 2013, 2014, 2015, 2016, 2017, 2018, 2019, 2020], "momentumVals":[0, 0, 219.305993690852, 97.4420704182967, 112.540959189753, 118.472063854048, 114.292916561633, 111.070195627158, 111.410256410256, 108.605577689243, 107.519219951247, 104.130162703379, 108.219415123724, 104.81867858917, 131.500317863954, 130.046562585593, 127.158131682611, 37.760892565163, 0, 0, "NaN"], "totalFiltered":47490}, "oneInst":{"yearNames":[2000, 2001, 2002, 2003, 2004, 2005, 2006, 2007, 2008, 2009, 2010, 2011, 2012, 2013, 2014, 2015, 2016, 2017, 2018, 2019, 2020], "yearValues":[0, 55, 58, 109, 118, 125, 157, 142, 228, 214, 286, 603, 876, 980, 1254, 1558, 1910, 667, 0, 0, 0], "momentumKeys":[2000, 2001, 2002, 2003, 2004, 2005, 2006, 2007, 2008, 2009, 2010, 2011, 2012, 2013, 2014, 2015, 2016, 2017, 2018, 2019, 2020], "momentumVals":[0, 0, 210.909090909091, 192.920353982301, 141.317365269461, 110.132158590308, 129.218106995885, 100.709219858156, 152.508361204013, 115.675675675676, 129.411764705882, 241.2, 197.075365579303, 132.521974306964, 135.129310344828, 139.480752014324, 135.846372688478, 38.4659746251442, 0, 0, 0], "totalFiltered":9340}}